{
  "AWSTemplateFormatVersion": "2010-09-09",
  "Description": "The AWS CloudFormation template for this Serverless application",
  "Resources": {
    "ServerlessDeploymentBucket": {
      "Type": "AWS::S3::Bucket",
      "Properties": {
        "BucketEncryption": {
          "ServerSideEncryptionConfiguration": [
            {
              "ServerSideEncryptionByDefault": {
                "SSEAlgorithm": "AES256"
              }
            }
          ]
        }
      }
    },
    "ServerlessDeploymentBucketPolicy": {
      "Type": "AWS::S3::BucketPolicy",
      "Properties": {
        "Bucket": {
          "Ref": "ServerlessDeploymentBucket"
        },
        "PolicyDocument": {
          "Statement": [
            {
              "Action": "s3:*",
              "Effect": "Deny",
              "Principal": "*",
              "Resource": [
                {
                  "Fn::Join": [
                    "",
                    [
                      "arn:",
                      {
                        "Ref": "AWS::Partition"
                      },
                      ":s3:::",
                      {
                        "Ref": "ServerlessDeploymentBucket"
                      },
                      "/*"
                    ]
                  ]
                }
              ],
              "Condition": {
                "Bool": {
                  "aws:SecureTransport": false
                }
              }
            }
          ]
        }
      }
    },
    "GetRoutesLogGroup": {
      "Type": "AWS::Logs::LogGroup",
      "Properties": {
        "LogGroupName": "/aws/lambda/clean-run-backend-dev-getRoutes"
      }
    },
    "GetRouteLogGroup": {
      "Type": "AWS::Logs::LogGroup",
      "Properties": {
        "LogGroupName": "/aws/lambda/clean-run-backend-dev-getRoute"
      }
    },
    "CreateRouteLogGroup": {
      "Type": "AWS::Logs::LogGroup",
      "Properties": {
        "LogGroupName": "/aws/lambda/clean-run-backend-dev-createRoute"
      }
    },
    "UpdateAirQualityIndexForRoutesLogGroup": {
      "Type": "AWS::Logs::LogGroup",
      "Properties": {
        "LogGroupName": "/aws/lambda/clean-run-backend-dev-updateAirQualityIndexForRoutes"
      }
    },
    "IamRoleLambdaExecution": {
      "Type": "AWS::IAM::Role",
      "Properties": {
        "AssumeRolePolicyDocument": {
          "Version": "2012-10-17",
          "Statement": [
            {
              "Effect": "Allow",
              "Principal": {
                "Service": [
                  "lambda.amazonaws.com"
                ]
              },
              "Action": [
                "sts:AssumeRole"
              ]
            }
          ]
        },
        "Policies": [
          {
            "PolicyName": {
              "Fn::Join": [
                "-",
                [
                  "dev",
                  "clean-run-backend",
                  "lambda"
                ]
              ]
            },
            "PolicyDocument": {
              "Version": "2012-10-17",
              "Statement": [
                {
                  "Effect": "Allow",
                  "Action": [
                    "logs:CreateLogStream",
                    "logs:CreateLogGroup"
                  ],
                  "Resource": [
                    {
                      "Fn::Sub": "arn:${AWS::Partition}:logs:${AWS::Region}:${AWS::AccountId}:log-group:/aws/lambda/clean-run-backend-dev*:*"
                    }
                  ]
                },
                {
                  "Effect": "Allow",
                  "Action": [
                    "logs:PutLogEvents"
                  ],
                  "Resource": [
                    {
                      "Fn::Sub": "arn:${AWS::Partition}:logs:${AWS::Region}:${AWS::AccountId}:log-group:/aws/lambda/clean-run-backend-dev*:*:*"
                    }
                  ]
                }
              ]
            }
          }
        ],
        "Path": "/",
        "RoleName": {
          "Fn::Join": [
            "-",
            [
              "clean-run-backend",
              "dev",
              {
                "Ref": "AWS::Region"
              },
              "lambdaRole"
            ]
          ]
        }
      }
    },
    "GetRoutesLambdaFunction": {
      "Type": "AWS::Lambda::Function",
      "Properties": {
        "Code": {
          "S3Bucket": {
            "Ref": "ServerlessDeploymentBucket"
          },
          "S3Key": "serverless/clean-run-backend/dev/1589185359905-2020-05-11T08:22:39.905Z/clean-run-backend.zip"
        },
        "FunctionName": "clean-run-backend-dev-getRoutes",
        "Handler": "handler.getRoutes",
        "MemorySize": 1024,
        "Role": {
          "Fn::GetAtt": [
            "IamRoleLambdaExecution",
            "Arn"
          ]
        },
        "Runtime": "nodejs12.x",
        "Timeout": 6
      },
      "DependsOn": [
        "GetRoutesLogGroup",
        "IamRoleLambdaExecution"
      ]
    },
    "GetRoutesLambdaVersioncq2MKBhG2Xx8RPVSH43YFb3S4dRdC43csHDCMX9q0E": {
      "Type": "AWS::Lambda::Version",
      "DeletionPolicy": "Retain",
      "Properties": {
        "FunctionName": {
          "Ref": "GetRoutesLambdaFunction"
        },
        "CodeSha256": "8RRaRi0rzyzM7ysXMnxxoScYOuo6hRVWmtg7nDSNxwc="
      }
    },
    "GetRouteLambdaFunction": {
      "Type": "AWS::Lambda::Function",
      "Properties": {
        "Code": {
          "S3Bucket": {
            "Ref": "ServerlessDeploymentBucket"
          },
          "S3Key": "serverless/clean-run-backend/dev/1589185359905-2020-05-11T08:22:39.905Z/clean-run-backend.zip"
        },
        "FunctionName": "clean-run-backend-dev-getRoute",
        "Handler": "handler.getRoute",
        "MemorySize": 1024,
        "Role": {
          "Fn::GetAtt": [
            "IamRoleLambdaExecution",
            "Arn"
          ]
        },
        "Runtime": "nodejs12.x",
        "Timeout": 6
      },
      "DependsOn": [
        "GetRouteLogGroup",
        "IamRoleLambdaExecution"
      ]
    },
    "GetRouteLambdaVersion0GWn2LDginYUo4RgWS3xCx3nnOcCv4C7b8wZxzo1LXw": {
      "Type": "AWS::Lambda::Version",
      "DeletionPolicy": "Retain",
      "Properties": {
        "FunctionName": {
          "Ref": "GetRouteLambdaFunction"
        },
        "CodeSha256": "8RRaRi0rzyzM7ysXMnxxoScYOuo6hRVWmtg7nDSNxwc="
      }
    },
    "CreateRouteLambdaFunction": {
      "Type": "AWS::Lambda::Function",
      "Properties": {
        "Code": {
          "S3Bucket": {
            "Ref": "ServerlessDeploymentBucket"
          },
          "S3Key": "serverless/clean-run-backend/dev/1589185359905-2020-05-11T08:22:39.905Z/clean-run-backend.zip"
        },
        "FunctionName": "clean-run-backend-dev-createRoute",
        "Handler": "handler.createRoute",
        "MemorySize": 1024,
        "Role": {
          "Fn::GetAtt": [
            "IamRoleLambdaExecution",
            "Arn"
          ]
        },
        "Runtime": "nodejs12.x",
        "Timeout": 6
      },
      "DependsOn": [
        "CreateRouteLogGroup",
        "IamRoleLambdaExecution"
      ]
    },
    "CreateRouteLambdaVersion3Puz6XecPrs8jGPFoTwWdO3fV63sRGyi6z7ODkY": {
      "Type": "AWS::Lambda::Version",
      "DeletionPolicy": "Retain",
      "Properties": {
        "FunctionName": {
          "Ref": "CreateRouteLambdaFunction"
        },
        "CodeSha256": "8RRaRi0rzyzM7ysXMnxxoScYOuo6hRVWmtg7nDSNxwc="
      }
    },
    "UpdateAirQualityIndexForRoutesLambdaFunction": {
      "Type": "AWS::Lambda::Function",
      "Properties": {
        "Code": {
          "S3Bucket": {
            "Ref": "ServerlessDeploymentBucket"
          },
          "S3Key": "serverless/clean-run-backend/dev/1589185359905-2020-05-11T08:22:39.905Z/clean-run-backend.zip"
        },
        "FunctionName": "clean-run-backend-dev-updateAirQualityIndexForRoutes",
        "Handler": "handler.updateAirQualityIndexForRoutes",
        "MemorySize": 1024,
        "Role": {
          "Fn::GetAtt": [
            "IamRoleLambdaExecution",
            "Arn"
          ]
        },
        "Runtime": "nodejs12.x",
        "Timeout": 6
      },
      "DependsOn": [
        "UpdateAirQualityIndexForRoutesLogGroup",
        "IamRoleLambdaExecution"
      ]
    },
    "UpdateAirQualityIndexForRoutesLambdaVersionfYAIXZWbOxzxQUrUlAfW52KyCg1R73ApHQ4Yz8jLQ": {
      "Type": "AWS::Lambda::Version",
      "DeletionPolicy": "Retain",
      "Properties": {
        "FunctionName": {
          "Ref": "UpdateAirQualityIndexForRoutesLambdaFunction"
        },
        "CodeSha256": "8RRaRi0rzyzM7ysXMnxxoScYOuo6hRVWmtg7nDSNxwc="
      }
    },
    "UpdateAirQualityIndexForRoutesEventsRuleSchedule1": {
      "Type": "AWS::Events::Rule",
      "Properties": {
        "ScheduleExpression": "rate(1 hour)",
        "State": "ENABLED",
        "Targets": [
          {
            "Arn": {
              "Fn::GetAtt": [
                "UpdateAirQualityIndexForRoutesLambdaFunction",
                "Arn"
              ]
            },
            "Id": "updateAirQualityIndexForRoutesSchedule"
          }
        ]
      }
    },
    "UpdateAirQualityIndexForRoutesLambdaPermissionEventsRuleSchedule1": {
      "Type": "AWS::Lambda::Permission",
      "Properties": {
        "FunctionName": {
          "Fn::GetAtt": [
            "UpdateAirQualityIndexForRoutesLambdaFunction",
            "Arn"
          ]
        },
        "Action": "lambda:InvokeFunction",
        "Principal": "events.amazonaws.com",
        "SourceArn": {
          "Fn::GetAtt": [
            "UpdateAirQualityIndexForRoutesEventsRuleSchedule1",
            "Arn"
          ]
        }
      }
    },
    "ApiGatewayRestApi": {
      "Type": "AWS::ApiGateway::RestApi",
      "Properties": {
        "Name": "dev-clean-run-backend",
        "EndpointConfiguration": {
          "Types": [
            "EDGE"
          ]
        },
        "Policy": ""
      }
    },
    "ApiGatewayResourceRoutes": {
      "Type": "AWS::ApiGateway::Resource",
      "Properties": {
        "ParentId": {
          "Fn::GetAtt": [
            "ApiGatewayRestApi",
            "RootResourceId"
          ]
        },
        "PathPart": "routes",
        "RestApiId": {
          "Ref": "ApiGatewayRestApi"
        }
      }
    },
    "ApiGatewayResourceRoutesIdVar": {
      "Type": "AWS::ApiGateway::Resource",
      "Properties": {
        "ParentId": {
          "Ref": "ApiGatewayResourceRoutes"
        },
        "PathPart": "{id}",
        "RestApiId": {
          "Ref": "ApiGatewayRestApi"
        }
      }
    },
    "ApiGatewayMethodRoutesOptions": {
      "Type": "AWS::ApiGateway::Method",
      "Properties": {
        "AuthorizationType": "NONE",
        "HttpMethod": "OPTIONS",
        "MethodResponses": [
          {
            "StatusCode": "200",
            "ResponseParameters": {
              "method.response.header.Access-Control-Allow-Origin": true,
              "method.response.header.Access-Control-Allow-Headers": true,
              "method.response.header.Access-Control-Allow-Methods": true
            },
            "ResponseModels": {}
          }
        ],
        "RequestParameters": {},
        "Integration": {
          "Type": "MOCK",
          "RequestTemplates": {
            "application/json": "{statusCode:200}"
          },
          "ContentHandling": "CONVERT_TO_TEXT",
          "IntegrationResponses": [
            {
              "StatusCode": "200",
              "ResponseParameters": {
                "method.response.header.Access-Control-Allow-Origin": "'*'",
                "method.response.header.Access-Control-Allow-Headers": "'Content-Type,X-Amz-Date,Authorization,X-Api-Key,X-Amz-Security-Token,X-Amz-User-Agent'",
                "method.response.header.Access-Control-Allow-Methods": "'OPTIONS,POST,GET'"
              },
              "ResponseTemplates": {
                "application/json": "#set($origin = $input.params(\"Origin\"))\n#if($origin == \"\") #set($origin = $input.params(\"origin\")) #end\n#if($origin.matches(\".*\")) #set($context.responseOverride.header.Access-Control-Allow-Origin = $origin) #end"
              }
            }
          ]
        },
        "ResourceId": {
          "Ref": "ApiGatewayResourceRoutes"
        },
        "RestApiId": {
          "Ref": "ApiGatewayRestApi"
        }
      }
    },
    "ApiGatewayMethodRoutesIdVarOptions": {
      "Type": "AWS::ApiGateway::Method",
      "Properties": {
        "AuthorizationType": "NONE",
        "HttpMethod": "OPTIONS",
        "MethodResponses": [
          {
            "StatusCode": "200",
            "ResponseParameters": {
              "method.response.header.Access-Control-Allow-Origin": true,
              "method.response.header.Access-Control-Allow-Headers": true,
              "method.response.header.Access-Control-Allow-Methods": true
            },
            "ResponseModels": {}
          }
        ],
        "RequestParameters": {},
        "Integration": {
          "Type": "MOCK",
          "RequestTemplates": {
            "application/json": "{statusCode:200}"
          },
          "ContentHandling": "CONVERT_TO_TEXT",
          "IntegrationResponses": [
            {
              "StatusCode": "200",
              "ResponseParameters": {
                "method.response.header.Access-Control-Allow-Origin": "'*'",
                "method.response.header.Access-Control-Allow-Headers": "'Content-Type,X-Amz-Date,Authorization,X-Api-Key,X-Amz-Security-Token,X-Amz-User-Agent'",
                "method.response.header.Access-Control-Allow-Methods": "'OPTIONS,GET'"
              },
              "ResponseTemplates": {
                "application/json": "#set($origin = $input.params(\"Origin\"))\n#if($origin == \"\") #set($origin = $input.params(\"origin\")) #end\n#if($origin.matches(\".*\")) #set($context.responseOverride.header.Access-Control-Allow-Origin = $origin) #end"
              }
            }
          ]
        },
        "ResourceId": {
          "Ref": "ApiGatewayResourceRoutesIdVar"
        },
        "RestApiId": {
          "Ref": "ApiGatewayRestApi"
        }
      }
    },
    "ApiGatewayMethodRoutesGet": {
      "Type": "AWS::ApiGateway::Method",
      "Properties": {
        "HttpMethod": "GET",
        "RequestParameters": {},
        "ResourceId": {
          "Ref": "ApiGatewayResourceRoutes"
        },
        "RestApiId": {
          "Ref": "ApiGatewayRestApi"
        },
        "ApiKeyRequired": false,
        "AuthorizationType": "NONE",
        "Integration": {
          "IntegrationHttpMethod": "POST",
          "Type": "AWS",
          "Uri": {
            "Fn::Join": [
              "",
              [
                "arn:",
                {
                  "Ref": "AWS::Partition"
                },
                ":apigateway:",
                {
                  "Ref": "AWS::Region"
                },
                ":lambda:path/2015-03-31/functions/",
                {
                  "Fn::GetAtt": [
                    "GetRoutesLambdaFunction",
                    "Arn"
                  ]
                },
                "/invocations"
              ]
            ]
          },
          "PassthroughBehavior": "NEVER",
          "RequestTemplates": {
            "application/json": "\n    #set( $body = $input.json(\"$\") )\n\n    \n  #define( $loop )\n    {\n    #foreach($key in $map.keySet())\n        #set( $k = $util.escapeJavaScript($key) )\n        #set( $v = $util.escapeJavaScript($map.get($key)).replaceAll(\"\\\\'\", \"'\") )\n        \"$k\":\n          \"$v\"\n          #if( $foreach.hasNext ) , #end\n    #end\n    }\n  #end\n\n  {\n    \"body\": $body,\n    \"method\": \"$context.httpMethod\",\n    \"principalId\": \"$context.authorizer.principalId\",\n    \"stage\": \"$context.stage\",\n\n    \"cognitoPoolClaims\" : {\n       \n       \"sub\": \"$context.authorizer.claims.sub\"\n    },\n\n    #set( $map = $context.authorizer )\n    \"enhancedAuthContext\": $loop,\n\n    #set( $map = $input.params().header )\n    \"headers\": $loop,\n\n    #set( $map = $input.params().querystring )\n    \"query\": $loop,\n\n    #set( $map = $input.params().path )\n    \"path\": $loop,\n\n    #set( $map = $context.identity )\n    \"identity\": $loop,\n\n    #set( $map = $stageVariables )\n    \"stageVariables\": $loop,\n\n    \"requestPath\": \"$context.resourcePath\"\n  }\n\n  ",
            "application/x-www-form-urlencoded": "\n    #define( $body )\n      {\n      #foreach( $token in $input.path('$').split('&') )\n        #set( $keyVal = $token.split('=') )\n        #set( $keyValSize = $keyVal.size() )\n        #if( $keyValSize >= 1 )\n          #set( $key = $util.escapeJavaScript($util.urlDecode($keyVal[0])) )\n          #if( $keyValSize >= 2 )\n            #set($val = $util.escapeJavaScript($util.urlDecode($keyVal[1])).replaceAll(\"\\\\'\",\"'\"))\n          #else\n            #set( $val = '' )\n          #end\n          \"$key\": \"$val\"#if($foreach.hasNext),#end\n        #end\n      #end\n      }\n    #end\n\n    \n  #define( $loop )\n    {\n    #foreach($key in $map.keySet())\n        #set( $k = $util.escapeJavaScript($key) )\n        #set( $v = $util.escapeJavaScript($map.get($key)).replaceAll(\"\\\\'\", \"'\") )\n        \"$k\":\n          \"$v\"\n          #if( $foreach.hasNext ) , #end\n    #end\n    }\n  #end\n\n  {\n    \"body\": $body,\n    \"method\": \"$context.httpMethod\",\n    \"principalId\": \"$context.authorizer.principalId\",\n    \"stage\": \"$context.stage\",\n\n    \"cognitoPoolClaims\" : {\n       \n       \"sub\": \"$context.authorizer.claims.sub\"\n    },\n\n    #set( $map = $context.authorizer )\n    \"enhancedAuthContext\": $loop,\n\n    #set( $map = $input.params().header )\n    \"headers\": $loop,\n\n    #set( $map = $input.params().querystring )\n    \"query\": $loop,\n\n    #set( $map = $input.params().path )\n    \"path\": $loop,\n\n    #set( $map = $context.identity )\n    \"identity\": $loop,\n\n    #set( $map = $stageVariables )\n    \"stageVariables\": $loop,\n\n    \"requestPath\": \"$context.resourcePath\"\n  }\n\n  "
          },
          "IntegrationResponses": [
            {
              "StatusCode": 200,
              "SelectionPattern": "",
              "ResponseParameters": {
                "method.response.header.Access-Control-Allow-Origin": "'*'"
              },
              "ResponseTemplates": {}
            },
            {
              "StatusCode": 400,
              "SelectionPattern": "[\\s\\S]*\\[400\\][\\s\\S]*",
              "ResponseParameters": {
                "method.response.header.Access-Control-Allow-Origin": "'*'"
              },
              "ResponseTemplates": {}
            },
            {
              "StatusCode": 401,
              "SelectionPattern": "[\\s\\S]*\\[401\\][\\s\\S]*",
              "ResponseParameters": {
                "method.response.header.Access-Control-Allow-Origin": "'*'"
              },
              "ResponseTemplates": {}
            },
            {
              "StatusCode": 403,
              "SelectionPattern": "[\\s\\S]*\\[403\\][\\s\\S]*",
              "ResponseParameters": {
                "method.response.header.Access-Control-Allow-Origin": "'*'"
              },
              "ResponseTemplates": {}
            },
            {
              "StatusCode": 404,
              "SelectionPattern": "[\\s\\S]*\\[404\\][\\s\\S]*",
              "ResponseParameters": {
                "method.response.header.Access-Control-Allow-Origin": "'*'"
              },
              "ResponseTemplates": {}
            },
            {
              "StatusCode": 422,
              "SelectionPattern": "[\\s\\S]*\\[422\\][\\s\\S]*",
              "ResponseParameters": {
                "method.response.header.Access-Control-Allow-Origin": "'*'"
              },
              "ResponseTemplates": {}
            },
            {
              "StatusCode": 500,
              "SelectionPattern": "[\\s\\S]*(Process\\s?exited\\s?before\\s?completing\\s?request|\\[500\\])[\\s\\S]*",
              "ResponseParameters": {
                "method.response.header.Access-Control-Allow-Origin": "'*'"
              },
              "ResponseTemplates": {}
            },
            {
              "StatusCode": 502,
              "SelectionPattern": "[\\s\\S]*\\[502\\][\\s\\S]*",
              "ResponseParameters": {
                "method.response.header.Access-Control-Allow-Origin": "'*'"
              },
              "ResponseTemplates": {}
            },
            {
              "StatusCode": 504,
              "SelectionPattern": "([\\s\\S]*\\[504\\][\\s\\S]*)|(.*Task timed out after \\d+\\.\\d+ seconds$)",
              "ResponseParameters": {
                "method.response.header.Access-Control-Allow-Origin": "'*'"
              },
              "ResponseTemplates": {}
            }
          ]
        },
        "MethodResponses": [
          {
            "ResponseParameters": {
              "method.response.header.Access-Control-Allow-Origin": true
            },
            "ResponseModels": {},
            "StatusCode": 200
          },
          {
            "ResponseParameters": {
              "method.response.header.Access-Control-Allow-Origin": true
            },
            "ResponseModels": {},
            "StatusCode": 400
          },
          {
            "ResponseParameters": {
              "method.response.header.Access-Control-Allow-Origin": true
            },
            "ResponseModels": {},
            "StatusCode": 401
          },
          {
            "ResponseParameters": {
              "method.response.header.Access-Control-Allow-Origin": true
            },
            "ResponseModels": {},
            "StatusCode": 403
          },
          {
            "ResponseParameters": {
              "method.response.header.Access-Control-Allow-Origin": true
            },
            "ResponseModels": {},
            "StatusCode": 404
          },
          {
            "ResponseParameters": {
              "method.response.header.Access-Control-Allow-Origin": true
            },
            "ResponseModels": {},
            "StatusCode": 422
          },
          {
            "ResponseParameters": {
              "method.response.header.Access-Control-Allow-Origin": true
            },
            "ResponseModels": {},
            "StatusCode": 500
          },
          {
            "ResponseParameters": {
              "method.response.header.Access-Control-Allow-Origin": true
            },
            "ResponseModels": {},
            "StatusCode": 502
          },
          {
            "ResponseParameters": {
              "method.response.header.Access-Control-Allow-Origin": true
            },
            "ResponseModels": {},
            "StatusCode": 504
          }
        ]
      }
    },
    "ApiGatewayMethodRoutesIdVarGet": {
      "Type": "AWS::ApiGateway::Method",
      "Properties": {
        "HttpMethod": "GET",
        "RequestParameters": {},
        "ResourceId": {
          "Ref": "ApiGatewayResourceRoutesIdVar"
        },
        "RestApiId": {
          "Ref": "ApiGatewayRestApi"
        },
        "ApiKeyRequired": false,
        "AuthorizationType": "NONE",
        "Integration": {
          "IntegrationHttpMethod": "POST",
          "Type": "AWS",
          "Uri": {
            "Fn::Join": [
              "",
              [
                "arn:",
                {
                  "Ref": "AWS::Partition"
                },
                ":apigateway:",
                {
                  "Ref": "AWS::Region"
                },
                ":lambda:path/2015-03-31/functions/",
                {
                  "Fn::GetAtt": [
                    "GetRouteLambdaFunction",
                    "Arn"
                  ]
                },
                "/invocations"
              ]
            ]
          },
          "PassthroughBehavior": "NEVER",
          "RequestTemplates": {
            "application/json": "\n    #set( $body = $input.json(\"$\") )\n\n    \n  #define( $loop )\n    {\n    #foreach($key in $map.keySet())\n        #set( $k = $util.escapeJavaScript($key) )\n        #set( $v = $util.escapeJavaScript($map.get($key)).replaceAll(\"\\\\'\", \"'\") )\n        \"$k\":\n          \"$v\"\n          #if( $foreach.hasNext ) , #end\n    #end\n    }\n  #end\n\n  {\n    \"body\": $body,\n    \"method\": \"$context.httpMethod\",\n    \"principalId\": \"$context.authorizer.principalId\",\n    \"stage\": \"$context.stage\",\n\n    \"cognitoPoolClaims\" : {\n       \n       \"sub\": \"$context.authorizer.claims.sub\"\n    },\n\n    #set( $map = $context.authorizer )\n    \"enhancedAuthContext\": $loop,\n\n    #set( $map = $input.params().header )\n    \"headers\": $loop,\n\n    #set( $map = $input.params().querystring )\n    \"query\": $loop,\n\n    #set( $map = $input.params().path )\n    \"path\": $loop,\n\n    #set( $map = $context.identity )\n    \"identity\": $loop,\n\n    #set( $map = $stageVariables )\n    \"stageVariables\": $loop,\n\n    \"requestPath\": \"$context.resourcePath\"\n  }\n\n  ",
            "application/x-www-form-urlencoded": "\n    #define( $body )\n      {\n      #foreach( $token in $input.path('$').split('&') )\n        #set( $keyVal = $token.split('=') )\n        #set( $keyValSize = $keyVal.size() )\n        #if( $keyValSize >= 1 )\n          #set( $key = $util.escapeJavaScript($util.urlDecode($keyVal[0])) )\n          #if( $keyValSize >= 2 )\n            #set($val = $util.escapeJavaScript($util.urlDecode($keyVal[1])).replaceAll(\"\\\\'\",\"'\"))\n          #else\n            #set( $val = '' )\n          #end\n          \"$key\": \"$val\"#if($foreach.hasNext),#end\n        #end\n      #end\n      }\n    #end\n\n    \n  #define( $loop )\n    {\n    #foreach($key in $map.keySet())\n        #set( $k = $util.escapeJavaScript($key) )\n        #set( $v = $util.escapeJavaScript($map.get($key)).replaceAll(\"\\\\'\", \"'\") )\n        \"$k\":\n          \"$v\"\n          #if( $foreach.hasNext ) , #end\n    #end\n    }\n  #end\n\n  {\n    \"body\": $body,\n    \"method\": \"$context.httpMethod\",\n    \"principalId\": \"$context.authorizer.principalId\",\n    \"stage\": \"$context.stage\",\n\n    \"cognitoPoolClaims\" : {\n       \n       \"sub\": \"$context.authorizer.claims.sub\"\n    },\n\n    #set( $map = $context.authorizer )\n    \"enhancedAuthContext\": $loop,\n\n    #set( $map = $input.params().header )\n    \"headers\": $loop,\n\n    #set( $map = $input.params().querystring )\n    \"query\": $loop,\n\n    #set( $map = $input.params().path )\n    \"path\": $loop,\n\n    #set( $map = $context.identity )\n    \"identity\": $loop,\n\n    #set( $map = $stageVariables )\n    \"stageVariables\": $loop,\n\n    \"requestPath\": \"$context.resourcePath\"\n  }\n\n  "
          },
          "IntegrationResponses": [
            {
              "StatusCode": 200,
              "SelectionPattern": "",
              "ResponseParameters": {
                "method.response.header.Access-Control-Allow-Origin": "'*'"
              },
              "ResponseTemplates": {}
            },
            {
              "StatusCode": 400,
              "SelectionPattern": "[\\s\\S]*\\[400\\][\\s\\S]*",
              "ResponseParameters": {
                "method.response.header.Access-Control-Allow-Origin": "'*'"
              },
              "ResponseTemplates": {}
            },
            {
              "StatusCode": 401,
              "SelectionPattern": "[\\s\\S]*\\[401\\][\\s\\S]*",
              "ResponseParameters": {
                "method.response.header.Access-Control-Allow-Origin": "'*'"
              },
              "ResponseTemplates": {}
            },
            {
              "StatusCode": 403,
              "SelectionPattern": "[\\s\\S]*\\[403\\][\\s\\S]*",
              "ResponseParameters": {
                "method.response.header.Access-Control-Allow-Origin": "'*'"
              },
              "ResponseTemplates": {}
            },
            {
              "StatusCode": 404,
              "SelectionPattern": "[\\s\\S]*\\[404\\][\\s\\S]*",
              "ResponseParameters": {
                "method.response.header.Access-Control-Allow-Origin": "'*'"
              },
              "ResponseTemplates": {}
            },
            {
              "StatusCode": 422,
              "SelectionPattern": "[\\s\\S]*\\[422\\][\\s\\S]*",
              "ResponseParameters": {
                "method.response.header.Access-Control-Allow-Origin": "'*'"
              },
              "ResponseTemplates": {}
            },
            {
              "StatusCode": 500,
              "SelectionPattern": "[\\s\\S]*(Process\\s?exited\\s?before\\s?completing\\s?request|\\[500\\])[\\s\\S]*",
              "ResponseParameters": {
                "method.response.header.Access-Control-Allow-Origin": "'*'"
              },
              "ResponseTemplates": {}
            },
            {
              "StatusCode": 502,
              "SelectionPattern": "[\\s\\S]*\\[502\\][\\s\\S]*",
              "ResponseParameters": {
                "method.response.header.Access-Control-Allow-Origin": "'*'"
              },
              "ResponseTemplates": {}
            },
            {
              "StatusCode": 504,
              "SelectionPattern": "([\\s\\S]*\\[504\\][\\s\\S]*)|(.*Task timed out after \\d+\\.\\d+ seconds$)",
              "ResponseParameters": {
                "method.response.header.Access-Control-Allow-Origin": "'*'"
              },
              "ResponseTemplates": {}
            }
          ]
        },
        "MethodResponses": [
          {
            "ResponseParameters": {
              "method.response.header.Access-Control-Allow-Origin": true
            },
            "ResponseModels": {},
            "StatusCode": 200
          },
          {
            "ResponseParameters": {
              "method.response.header.Access-Control-Allow-Origin": true
            },
            "ResponseModels": {},
            "StatusCode": 400
          },
          {
            "ResponseParameters": {
              "method.response.header.Access-Control-Allow-Origin": true
            },
            "ResponseModels": {},
            "StatusCode": 401
          },
          {
            "ResponseParameters": {
              "method.response.header.Access-Control-Allow-Origin": true
            },
            "ResponseModels": {},
            "StatusCode": 403
          },
          {
            "ResponseParameters": {
              "method.response.header.Access-Control-Allow-Origin": true
            },
            "ResponseModels": {},
            "StatusCode": 404
          },
          {
            "ResponseParameters": {
              "method.response.header.Access-Control-Allow-Origin": true
            },
            "ResponseModels": {},
            "StatusCode": 422
          },
          {
            "ResponseParameters": {
              "method.response.header.Access-Control-Allow-Origin": true
            },
            "ResponseModels": {},
            "StatusCode": 500
          },
          {
            "ResponseParameters": {
              "method.response.header.Access-Control-Allow-Origin": true
            },
            "ResponseModels": {},
            "StatusCode": 502
          },
          {
            "ResponseParameters": {
              "method.response.header.Access-Control-Allow-Origin": true
            },
            "ResponseModels": {},
            "StatusCode": 504
          }
        ]
      }
    },
    "ApiGatewayMethodRoutesPost": {
      "Type": "AWS::ApiGateway::Method",
      "Properties": {
        "HttpMethod": "POST",
        "RequestParameters": {},
        "ResourceId": {
          "Ref": "ApiGatewayResourceRoutes"
        },
        "RestApiId": {
          "Ref": "ApiGatewayRestApi"
        },
        "ApiKeyRequired": false,
        "AuthorizationType": "NONE",
        "Integration": {
          "IntegrationHttpMethod": "POST",
          "Type": "AWS",
          "Uri": {
            "Fn::Join": [
              "",
              [
                "arn:",
                {
                  "Ref": "AWS::Partition"
                },
                ":apigateway:",
                {
                  "Ref": "AWS::Region"
                },
                ":lambda:path/2015-03-31/functions/",
                {
                  "Fn::GetAtt": [
                    "CreateRouteLambdaFunction",
                    "Arn"
                  ]
                },
                "/invocations"
              ]
            ]
          },
          "PassthroughBehavior": "NEVER",
          "RequestTemplates": {
            "application/json": "\n    #set( $body = $input.json(\"$\") )\n\n    \n  #define( $loop )\n    {\n    #foreach($key in $map.keySet())\n        #set( $k = $util.escapeJavaScript($key) )\n        #set( $v = $util.escapeJavaScript($map.get($key)).replaceAll(\"\\\\'\", \"'\") )\n        \"$k\":\n          \"$v\"\n          #if( $foreach.hasNext ) , #end\n    #end\n    }\n  #end\n\n  {\n    \"body\": $body,\n    \"method\": \"$context.httpMethod\",\n    \"principalId\": \"$context.authorizer.principalId\",\n    \"stage\": \"$context.stage\",\n\n    \"cognitoPoolClaims\" : {\n       \n       \"sub\": \"$context.authorizer.claims.sub\"\n    },\n\n    #set( $map = $context.authorizer )\n    \"enhancedAuthContext\": $loop,\n\n    #set( $map = $input.params().header )\n    \"headers\": $loop,\n\n    #set( $map = $input.params().querystring )\n    \"query\": $loop,\n\n    #set( $map = $input.params().path )\n    \"path\": $loop,\n\n    #set( $map = $context.identity )\n    \"identity\": $loop,\n\n    #set( $map = $stageVariables )\n    \"stageVariables\": $loop,\n\n    \"requestPath\": \"$context.resourcePath\"\n  }\n\n  ",
            "application/x-www-form-urlencoded": "\n    #define( $body )\n      {\n      #foreach( $token in $input.path('$').split('&') )\n        #set( $keyVal = $token.split('=') )\n        #set( $keyValSize = $keyVal.size() )\n        #if( $keyValSize >= 1 )\n          #set( $key = $util.escapeJavaScript($util.urlDecode($keyVal[0])) )\n          #if( $keyValSize >= 2 )\n            #set($val = $util.escapeJavaScript($util.urlDecode($keyVal[1])).replaceAll(\"\\\\'\",\"'\"))\n          #else\n            #set( $val = '' )\n          #end\n          \"$key\": \"$val\"#if($foreach.hasNext),#end\n        #end\n      #end\n      }\n    #end\n\n    \n  #define( $loop )\n    {\n    #foreach($key in $map.keySet())\n        #set( $k = $util.escapeJavaScript($key) )\n        #set( $v = $util.escapeJavaScript($map.get($key)).replaceAll(\"\\\\'\", \"'\") )\n        \"$k\":\n          \"$v\"\n          #if( $foreach.hasNext ) , #end\n    #end\n    }\n  #end\n\n  {\n    \"body\": $body,\n    \"method\": \"$context.httpMethod\",\n    \"principalId\": \"$context.authorizer.principalId\",\n    \"stage\": \"$context.stage\",\n\n    \"cognitoPoolClaims\" : {\n       \n       \"sub\": \"$context.authorizer.claims.sub\"\n    },\n\n    #set( $map = $context.authorizer )\n    \"enhancedAuthContext\": $loop,\n\n    #set( $map = $input.params().header )\n    \"headers\": $loop,\n\n    #set( $map = $input.params().querystring )\n    \"query\": $loop,\n\n    #set( $map = $input.params().path )\n    \"path\": $loop,\n\n    #set( $map = $context.identity )\n    \"identity\": $loop,\n\n    #set( $map = $stageVariables )\n    \"stageVariables\": $loop,\n\n    \"requestPath\": \"$context.resourcePath\"\n  }\n\n  "
          },
          "IntegrationResponses": [
            {
              "StatusCode": 200,
              "SelectionPattern": "",
              "ResponseParameters": {
                "method.response.header.Access-Control-Allow-Origin": "'*'"
              },
              "ResponseTemplates": {}
            },
            {
              "StatusCode": 400,
              "SelectionPattern": "[\\s\\S]*\\[400\\][\\s\\S]*",
              "ResponseParameters": {
                "method.response.header.Access-Control-Allow-Origin": "'*'"
              },
              "ResponseTemplates": {}
            },
            {
              "StatusCode": 401,
              "SelectionPattern": "[\\s\\S]*\\[401\\][\\s\\S]*",
              "ResponseParameters": {
                "method.response.header.Access-Control-Allow-Origin": "'*'"
              },
              "ResponseTemplates": {}
            },
            {
              "StatusCode": 403,
              "SelectionPattern": "[\\s\\S]*\\[403\\][\\s\\S]*",
              "ResponseParameters": {
                "method.response.header.Access-Control-Allow-Origin": "'*'"
              },
              "ResponseTemplates": {}
            },
            {
              "StatusCode": 404,
              "SelectionPattern": "[\\s\\S]*\\[404\\][\\s\\S]*",
              "ResponseParameters": {
                "method.response.header.Access-Control-Allow-Origin": "'*'"
              },
              "ResponseTemplates": {}
            },
            {
              "StatusCode": 422,
              "SelectionPattern": "[\\s\\S]*\\[422\\][\\s\\S]*",
              "ResponseParameters": {
                "method.response.header.Access-Control-Allow-Origin": "'*'"
              },
              "ResponseTemplates": {}
            },
            {
              "StatusCode": 500,
              "SelectionPattern": "[\\s\\S]*(Process\\s?exited\\s?before\\s?completing\\s?request|\\[500\\])[\\s\\S]*",
              "ResponseParameters": {
                "method.response.header.Access-Control-Allow-Origin": "'*'"
              },
              "ResponseTemplates": {}
            },
            {
              "StatusCode": 502,
              "SelectionPattern": "[\\s\\S]*\\[502\\][\\s\\S]*",
              "ResponseParameters": {
                "method.response.header.Access-Control-Allow-Origin": "'*'"
              },
              "ResponseTemplates": {}
            },
            {
              "StatusCode": 504,
              "SelectionPattern": "([\\s\\S]*\\[504\\][\\s\\S]*)|(.*Task timed out after \\d+\\.\\d+ seconds$)",
              "ResponseParameters": {
                "method.response.header.Access-Control-Allow-Origin": "'*'"
              },
              "ResponseTemplates": {}
            }
          ]
        },
        "MethodResponses": [
          {
            "ResponseParameters": {
              "method.response.header.Access-Control-Allow-Origin": true
            },
            "ResponseModels": {},
            "StatusCode": 200
          },
          {
            "ResponseParameters": {
              "method.response.header.Access-Control-Allow-Origin": true
            },
            "ResponseModels": {},
            "StatusCode": 400
          },
          {
            "ResponseParameters": {
              "method.response.header.Access-Control-Allow-Origin": true
            },
            "ResponseModels": {},
            "StatusCode": 401
          },
          {
            "ResponseParameters": {
              "method.response.header.Access-Control-Allow-Origin": true
            },
            "ResponseModels": {},
            "StatusCode": 403
          },
          {
            "ResponseParameters": {
              "method.response.header.Access-Control-Allow-Origin": true
            },
            "ResponseModels": {},
            "StatusCode": 404
          },
          {
            "ResponseParameters": {
              "method.response.header.Access-Control-Allow-Origin": true
            },
            "ResponseModels": {},
            "StatusCode": 422
          },
          {
            "ResponseParameters": {
              "method.response.header.Access-Control-Allow-Origin": true
            },
            "ResponseModels": {},
            "StatusCode": 500
          },
          {
            "ResponseParameters": {
              "method.response.header.Access-Control-Allow-Origin": true
            },
            "ResponseModels": {},
            "StatusCode": 502
          },
          {
            "ResponseParameters": {
              "method.response.header.Access-Control-Allow-Origin": true
            },
            "ResponseModels": {},
            "StatusCode": 504
          }
        ]
      }
    },
    "ApiGatewayDeployment1589185344765": {
      "Type": "AWS::ApiGateway::Deployment",
      "Properties": {
        "RestApiId": {
          "Ref": "ApiGatewayRestApi"
        },
        "StageName": "dev"
      },
      "DependsOn": [
        "ApiGatewayMethodRoutesOptions",
        "ApiGatewayMethodRoutesIdVarOptions",
        "ApiGatewayMethodRoutesGet",
        "ApiGatewayMethodRoutesIdVarGet",
        "ApiGatewayMethodRoutesPost"
      ]
    },
    "GetRoutesLambdaPermissionApiGateway": {
      "Type": "AWS::Lambda::Permission",
      "Properties": {
        "FunctionName": {
          "Fn::GetAtt": [
            "GetRoutesLambdaFunction",
            "Arn"
          ]
        },
        "Action": "lambda:InvokeFunction",
        "Principal": "apigateway.amazonaws.com",
        "SourceArn": {
          "Fn::Join": [
            "",
            [
              "arn:",
              {
                "Ref": "AWS::Partition"
              },
              ":execute-api:",
              {
                "Ref": "AWS::Region"
              },
              ":",
              {
                "Ref": "AWS::AccountId"
              },
              ":",
              {
                "Ref": "ApiGatewayRestApi"
              },
              "/*/*"
            ]
          ]
        }
      }
    },
    "GetRouteLambdaPermissionApiGateway": {
      "Type": "AWS::Lambda::Permission",
      "Properties": {
        "FunctionName": {
          "Fn::GetAtt": [
            "GetRouteLambdaFunction",
            "Arn"
          ]
        },
        "Action": "lambda:InvokeFunction",
        "Principal": "apigateway.amazonaws.com",
        "SourceArn": {
          "Fn::Join": [
            "",
            [
              "arn:",
              {
                "Ref": "AWS::Partition"
              },
              ":execute-api:",
              {
                "Ref": "AWS::Region"
              },
              ":",
              {
                "Ref": "AWS::AccountId"
              },
              ":",
              {
                "Ref": "ApiGatewayRestApi"
              },
              "/*/*"
            ]
          ]
        }
      }
    },
    "CreateRouteLambdaPermissionApiGateway": {
      "Type": "AWS::Lambda::Permission",
      "Properties": {
        "FunctionName": {
          "Fn::GetAtt": [
            "CreateRouteLambdaFunction",
            "Arn"
          ]
        },
        "Action": "lambda:InvokeFunction",
        "Principal": "apigateway.amazonaws.com",
        "SourceArn": {
          "Fn::Join": [
            "",
            [
              "arn:",
              {
                "Ref": "AWS::Partition"
              },
              ":execute-api:",
              {
                "Ref": "AWS::Region"
              },
              ":",
              {
                "Ref": "AWS::AccountId"
              },
              ":",
              {
                "Ref": "ApiGatewayRestApi"
              },
              "/*/*"
            ]
          ]
        }
      }
    }
  },
  "Outputs": {
    "ServerlessDeploymentBucketName": {
      "Value": {
        "Ref": "ServerlessDeploymentBucket"
      }
    },
    "GetRoutesLambdaFunctionQualifiedArn": {
      "Description": "Current Lambda function version",
      "Value": {
        "Ref": "GetRoutesLambdaVersioncq2MKBhG2Xx8RPVSH43YFb3S4dRdC43csHDCMX9q0E"
      }
    },
    "GetRouteLambdaFunctionQualifiedArn": {
      "Description": "Current Lambda function version",
      "Value": {
        "Ref": "GetRouteLambdaVersion0GWn2LDginYUo4RgWS3xCx3nnOcCv4C7b8wZxzo1LXw"
      }
    },
    "CreateRouteLambdaFunctionQualifiedArn": {
      "Description": "Current Lambda function version",
      "Value": {
        "Ref": "CreateRouteLambdaVersion3Puz6XecPrs8jGPFoTwWdO3fV63sRGyi6z7ODkY"
      }
    },
    "UpdateAirQualityIndexForRoutesLambdaFunctionQualifiedArn": {
      "Description": "Current Lambda function version",
      "Value": {
        "Ref": "UpdateAirQualityIndexForRoutesLambdaVersionfYAIXZWbOxzxQUrUlAfW52KyCg1R73ApHQ4Yz8jLQ"
      }
    },
    "ServiceEndpoint": {
      "Description": "URL of the service endpoint",
      "Value": {
        "Fn::Join": [
          "",
          [
            "https://",
            {
              "Ref": "ApiGatewayRestApi"
            },
            ".execute-api.",
            {
              "Ref": "AWS::Region"
            },
            ".",
            {
              "Ref": "AWS::URLSuffix"
            },
            "/dev"
          ]
        ]
      }
    }
  }
}